time,power,current,voltage,up_time,daily_total
1663058283,12.300436019897461,0.07098498195409775,243.3839874267578,2377.782958984375,0.1831245720386505
1663058284,12.300436019897461,0.07098498195409775,243.3839874267578,2377.782958984375,0.1831245720386505
1663058285,12.300436019897461,0.07098498195409775,243.3839874267578,2377.782958984375,0.1831245720386505
1663058286,12.300436019897461,0.07098498195409775,243.3839874267578,2377.782958984375,0.1831245720386505
1663058287,12.300436019897461,0.07098498195409775,243.3839874267578,2377.782958984375,0.1831245720386505
1663058288,12.00414752960205,0.07098498195409775,243.3839874267578,2377.782958984375,0.18315833806991577
1663058289,12.00414752960205,0.07098498195409775,243.3839874267578,2377.782958984375,0.18315833806991577
1663058290,12.00414752960205,0.07098498195409775,243.3839874267578,2377.782958984375,0.18315833806991577
1663058291,12.00414752960205,0.07098498195409775,243.3839874267578,2377.782958984375,0.18315833806991577
1663058292,12.00414752960205,0.07098498195409775,243.3839874267578,2377.782958984375,0.18315833806991577
1663058293,12.00414752960205,0.07098498195409775,243.3839874267578,2377.782958984375,0.18315833806991577
1663058294,12.00414752960205,0.07098498195409775,243.3839874267578,2377.782958984375,0.18315833806991577
1663058295,12.00414752960205,0.07098498195409775,243.3839874267578,2377.782958984375,0.18315833806991577
1663058296,12.00414752960205,0.07098498195409775,243.3839874267578,2377.782958984375,0.18315833806991577
1663058297,12.00414752960205,0.07098498195409775,243.3839874267578,2377.782958984375,0.18315833806991577
1663058298,12.00414752960205,0.07098498195409775,243.3839874267578,2377.782958984375,0.18315833806991577
1663058299,12.00414752960205,0.07098498195409775,243.3839874267578,2377.782958984375,0.18315833806991577
1663058300,12.00414752960205,0.07098498195409775,243.3839874267578,2377.782958984375,0.18315833806991577
1663058301,12.00414752960205,0.07098498195409775,243.3839874267578,2377.782958984375,0.18315833806991577
1663058302,12.00414752960205,0.07098498195409775,243.3839874267578,2377.782958984375,0.18315833806991577
1663058303,11.70785903930664,0.06631786376237869,242.54342651367188,2437.780029296875,0.1831912398338318
1663058304,11.70785903930664,0.06631786376237869,242.54342651367188,2437.780029296875,0.1831912398338318
1663058305,11.70785903930664,0.06631786376237869,242.54342651367188,2437.780029296875,0.1831912398338318
1663058306,11.70785903930664,0.06631786376237869,242.54342651367188,2437.780029296875,0.1831912398338318
1663058307,11.70785903930664,0.06631786376237869,242.54342651367188,2437.780029296875,0.1831912398338318
1663058308,11.70785903930664,0.06631786376237869,242.54342651367188,2437.780029296875,0.18322418630123138
1663058309,11.70785903930664,0.06631786376237869,242.54342651367188,2437.780029296875,0.18322418630123138
1663058310,11.70785903930664,0.06631786376237869,242.54342651367188,2437.780029296875,0.18322418630123138
1663058311,11.70785903930664,0.06631786376237869,242.54342651367188,2437.780029296875,0.18322418630123138
1663058312,11.70785903930664,0.06631786376237869,242.54342651367188,2437.780029296875,0.18322418630123138
1663058313,11.70785903930664,0.06631786376237869,242.54342651367188,2437.780029296875,0.18322418630123138
1663058314,11.70785903930664,0.06631786376237869,242.54342651367188,2437.780029296875,0.18322418630123138
1663058315,11.70785903930664,0.06631786376237869,242.54342651367188,2437.780029296875,0.18322418630123138
1663058316,11.70785903930664,0.06631786376237869,242.54342651367188,2437.780029296875,0.18322418630123138
1663058317,11.70785903930664,0.06631786376237869,242.54342651367188,2437.780029296875,0.18322418630123138
1663058318,12.00414752960205,0.06631786376237869,241.91978454589844,2437.780029296875,0.18325670063495636
1663058319,12.00414752960205,0.06631786376237869,241.91978454589844,2437.780029296875,0.18325670063495636
1663058320,12.00414752960205,0.06631786376237869,241.91978454589844,2437.780029296875,0.18325670063495636
1663058321,12.00414752960205,0.06631786376237869,241.91978454589844,2437.780029296875,0.18325670063495636
1663058322,12.00414752960205,0.06631786376237869,241.91978454589844,2437.780029296875,0.18325670063495636
1663058323,12.00414752960205,0.07098498195409775,241.91978454589844,2437.780029296875,0.18325670063495636
1663058324,12.00414752960205,0.07098498195409775,241.91978454589844,2437.780029296875,0.18325670063495636
1663058325,12.00414752960205,0.07098498195409775,241.91978454589844,2437.780029296875,0.18325670063495636
1663058326,12.00414752960205,0.07098498195409775,241.91978454589844,2437.780029296875,0.18325670063495636
1663058327,12.00414752960205,0.07098498195409775,241.91978454589844,2437.780029296875,0.18325670063495636
1663058328,12.00414752960205,0.07098498195409775,241.91978454589844,2437.780029296875,0.18325670063495636
1663058329,12.00414752960205,0.07098498195409775,241.91978454589844,2437.780029296875,0.18325670063495636
1663058330,12.00414752960205,0.07098498195409775,241.91978454589844,2437.780029296875,0.18325670063495636
1663058331,12.00414752960205,0.07098498195409775,241.91978454589844,2437.780029296875,0.18325670063495636
1663058332,12.00414752960205,0.07098498195409775,241.91978454589844,2437.780029296875,0.18325670063495636
1663058333,12.00414752960205,0.07098498195409775,241.91978454589844,2437.780029296875,0.18325670063495636
1663058334,12.00414752960205,0.07098498195409775,241.91978454589844,2437.780029296875,0.18325670063495636
1663058335,12.00414752960205,0.07098498195409775,241.91978454589844,2437.780029296875,0.18325670063495636
1663058336,12.00414752960205,0.07098498195409775,241.91978454589844,2437.780029296875,0.18325670063495636
1663058337,12.00414752960205,0.07098498195409775,241.91978454589844,2437.780029296875,0.18325670063495636
1663058338,12.300436019897461,0.07098498195409775,243.08572387695312,2437.780029296875,0.18332341313362122
1663058339,12.300436019897461,0.07098498195409775,243.08572387695312,2437.780029296875,0.18332341313362122
1663058340,12.300436019897461,0.07098498195409775,243.08572387695312,2437.780029296875,0.18332341313362122
1663058341,12.300436019897461,0.07098498195409775,243.08572387695312,2437.780029296875,0.18332341313362122
1663058342,12.300436019897461,0.07098498195409775,243.08572387695312,2437.780029296875,0.18332341313362122
1663058343,12.300436019897461,0.07331853359937668,243.08572387695312,2437.780029296875,0.18332341313362122
1663058344,12.300436019897461,0.07331853359937668,243.08572387695312,2437.780029296875,0.18332341313362122
1663058345,12.300436019897461,0.07331853359937668,243.08572387695312,2437.780029296875,0.18332341313362122
1663058346,12.300436019897461,0.07331853359937668,243.08572387695312,2437.780029296875,0.18332341313362122
1663058347,12.300436019897461,0.07331853359937668,243.08572387695312,2437.780029296875,0.18332341313362122
1663058348,12.300436019897461,0.07331853359937668,243.08572387695312,2437.780029296875,0.18332341313362122
1663058349,12.300436019897461,0.07331853359937668,243.08572387695312,2437.780029296875,0.18332341313362122
1663058350,12.300436019897461,0.07331853359937668,243.08572387695312,2437.780029296875,0.18332341313362122
1663058351,12.300436019897461,0.07331853359937668,243.08572387695312,2437.780029296875,0.18332341313362122
1663058352,12.300436019897461,0.07331853359937668,243.08572387695312,2437.780029296875,0.18332341313362122
1663058353,12.300436019897461,0.07331853359937668,243.08572387695312,2437.780029296875,0.18332341313362122
1663058354,12.300436019897461,0.07331853359937668,243.08572387695312,2437.780029296875,0.18332341313362122
1663058355,12.300436019897461,0.07331853359937668,243.08572387695312,2437.780029296875,0.18332341313362122
1663058356,12.300436019897461,0.07331853359937668,243.08572387695312,2437.780029296875,0.18332341313362122
1663058357,12.300436019897461,0.07331853359937668,243.08572387695312,2437.780029296875,0.18332341313362122
1663058358,12.893014907836914,0.07331853359937668,241.97401428222656,2497.7880859375,0.18339502811431885
1663058359,12.893014907836914,0.07331853359937668,241.97401428222656,2497.7880859375,0.18339502811431885
1663058360,12.893014907836914,0.07331853359937668,241.97401428222656,2497.7880859375,0.18339502811431885
1663058361,12.893014907836914,0.07331853359937668,241.97401428222656,2497.7880859375,0.18339502811431885
1663058362,12.893014907836914,0.07331853359937668,241.97401428222656,2497.7880859375,0.18339502811431885
1663058363,12.893014907836914,0.07565208524465561,241.97401428222656,2497.7880859375,0.18339502811431885
1663058364,12.893014907836914,0.07565208524465561,241.97401428222656,2497.7880859375,0.18339502811431885
1663058365,12.893014907836914,0.07565208524465561,241.97401428222656,2497.7880859375,0.18339502811431885
1663058366,12.893014907836914,0.07565208524465561,241.97401428222656,2497.7880859375,0.18339502811431885
1663058367,12.893014907836914,0.07565208524465561,241.97401428222656,2497.7880859375,0.18339502811431885
1663058368,13.189303398132324,0.07565208524465561,241.97401428222656,2497.7880859375,0.1834316849708557
1663058369,13.189303398132324,0.07565208524465561,241.97401428222656,2497.7880859375,0.1834316849708557
1663058370,13.189303398132324,0.07565208524465561,241.97401428222656,2497.7880859375,0.1834316849708557
1663058371,13.189303398132324,0.07565208524465561,241.97401428222656,2497.7880859375,0.1834316849708557
1663058372,13.189303398132324,0.07565208524465561,241.97401428222656,2497.7880859375,0.1834316849708557
1663058373,12.300436019897461,0.07565208524465561,240.0759735107422,2497.7880859375,0.1834316849708557
1663058374,12.300436019897461,0.07565208524465561,240.0759735107422,2497.7880859375,0.1834316849708557
1663058375,12.300436019897461,0.07565208524465561,240.0759735107422,2497.7880859375,0.1834316849708557
1663058376,12.300436019897461,0.07565208524465561,240.0759735107422,2497.7880859375,0.1834316849708557
1663058377,12.300436019897461,0.07565208524465561,240.0759735107422,2497.7880859375,0.1834316849708557
1663058378,12.300436019897461,0.07565208524465561,240.0759735107422,2497.7880859375,0.1834316849708557
1663058379,12.300436019897461,0.07565208524465561,240.0759735107422,2497.7880859375,0.1834316849708557
1663058380,12.300436019897461,0.07565208524465561,240.0759735107422,2497.7880859375,0.1834316849708557
1663058381,12.300436019897461,0.07565208524465561,240.0759735107422,2497.7880859375,0.1834316849708557
1663058382,12.300436019897461,0.07565208524465561,240.0759735107422,2497.7880859375,0.1834316849708557
1663058383,12.00414752960205,0.07098498195409775,240.0759735107422,2497.7880859375,0.18346543610095978
1663058384,12.00414752960205,0.07098498195409775,240.0759735107422,2497.7880859375,0.18346543610095978
1663058385,12.00414752960205,0.07098498195409775,240.0759735107422,2497.7880859375,0.18346543610095978
1663058386,12.00414752960205,0.07098498195409775,240.0759735107422,2497.7880859375,0.18346543610095978
1663058387,12.00414752960205,0.07098498195409775,240.0759735107422,2497.7880859375,0.18346543610095978
1663058388,12.00414752960205,0.07098498195409775,240.0759735107422,2497.7880859375,0.18346543610095978
1663058389,12.00414752960205,0.07098498195409775,240.0759735107422,2497.7880859375,0.18346543610095978
1663058390,12.00414752960205,0.07098498195409775,240.0759735107422,2497.7880859375,0.18346543610095978
1663058391,12.00414752960205,0.07098498195409775,240.0759735107422,2497.7880859375,0.18346543610095978
1663058392,12.00414752960205,0.07098498195409775,240.0759735107422,2497.7880859375,0.18346543610095978
1663058393,12.00414752960205,0.07098498195409775,240.0759735107422,2497.7880859375,0.18346543610095978
1663058394,12.00414752960205,0.07098498195409775,240.0759735107422,2497.7880859375,0.18346543610095978
1663058395,12.00414752960205,0.07098498195409775,240.0759735107422,2497.7880859375,0.18346543610095978
1663058396,12.00414752960205,0.07098498195409775,240.0759735107422,2497.7880859375,0.18346543610095978
1663058397,12.00414752960205,0.07098498195409775,240.0759735107422,2497.7880859375,0.18346543610095978
1663058398,12.00414752960205,0.07098498195409775,240.0759735107422,2497.7880859375,0.18346543610095978
1663058399,12.00414752960205,0.07098498195409775,240.0759735107422,2497.7880859375,0.18346543610095978
1663058400,12.00414752960205,0.07098498195409775,240.0759735107422,2497.7880859375,0.18346543610095978
1663058401,12.00414752960205,0.07098498195409775,240.0759735107422,2497.7880859375,0.18346543610095978
1663058402,12.00414752960205,0.07098498195409775,240.0759735107422,2497.7880859375,0.18346543610095978
1663058403,12.300436019897461,0.06865141540765762,239.4794464111328,2497.7880859375,0.18353335559368134
1663058404,12.300436019897461,0.06865141540765762,239.4794464111328,2497.7880859375,0.18353335559368134
1663058405,12.300436019897461,0.06865141540765762,239.4794464111328,2497.7880859375,0.18353335559368134
1663058406,12.300436019897461,0.06865141540765762,239.4794464111328,2497.7880859375,0.18353335559368134
1663058407,12.300436019897461,0.06865141540765762,239.4794464111328,2497.7880859375,0.18353335559368134
1663058408,12.300436019897461,0.06865141540765762,239.4794464111328,2497.7880859375,0.18353335559368134
1663058409,12.300436019897461,0.06865141540765762,239.4794464111328,2497.7880859375,0.18353335559368134
1663058410,12.300436019897461,0.06865141540765762,239.4794464111328,2497.7880859375,0.18353335559368134
1663058411,12.300436019897461,0.06865141540765762,239.4794464111328,2497.7880859375,0.18353335559368134
1663058412,12.300436019897461,0.06865141540765762,239.4794464111328,2497.7880859375,0.18353335559368134
1663058413,12.300436019897461,0.06865141540765762,239.4794464111328,2497.7880859375,0.18353335559368134
1663058414,12.300436019897461,0.06865141540765762,239.4794464111328,2497.7880859375,0.18353335559368134
1663058415,12.300436019897461,0.06865141540765762,239.4794464111328,2497.7880859375,0.18353335559368134
1663058416,12.300436019897461,0.06865141540765762,239.4794464111328,2497.7880859375,0.18353335559368134
1663058417,12.300436019897461,0.06865141540765762,239.4794464111328,2497.7880859375,0.18353335559368134
1663058418,12.300436019897461,0.06865141540765762,239.4794464111328,2497.7880859375,0.18353335559368134
1663058419,12.300436019897461,0.06865141540765762,239.4794464111328,2497.7880859375,0.18353335559368134
1663058420,12.300436019897461,0.06865141540765762,239.4794464111328,2497.7880859375,0.18353335559368134
1663058421,12.300436019897461,0.06865141540765762,239.4794464111328,2497.7880859375,0.18353335559368134
1663058422,12.300436019897461,0.06865141540765762,239.4794464111328,2497.7880859375,0.18353335559368134
1663058423,12.893014907836914,0.07331853359937668,241.9468994140625,2557.780029296875,0.18360291421413422
1663058424,12.893014907836914,0.07331853359937668,241.9468994140625,2557.780029296875,0.18360291421413422
1663058425,12.893014907836914,0.07331853359937668,241.9468994140625,2557.780029296875,0.18360291421413422
1663058426,12.893014907836914,0.07331853359937668,241.9468994140625,2557.780029296875,0.18360291421413422
1663058427,12.893014907836914,0.07331853359937668,241.9468994140625,2557.780029296875,0.18360291421413422
1663058428,12.893014907836914,0.07331853359937668,241.9468994140625,2557.780029296875,0.18360291421413422
1663058429,12.893014907836914,0.07331853359937668,241.9468994140625,2557.780029296875,0.18360291421413422
1663058430,12.893014907836914,0.07331853359937668,241.9468994140625,2557.780029296875,0.18360291421413422
1663058431,12.893014907836914,0.07331853359937668,241.9468994140625,2557.780029296875,0.18360291421413422
1663058432,12.893014907836914,0.07331853359937668,241.9468994140625,2557.780029296875,0.18360291421413422
1663058433,12.893014907836914,0.07331853359937668,241.9468994140625,2557.780029296875,0.18360291421413422
1663058434,12.893014907836914,0.07331853359937668,241.9468994140625,2557.780029296875,0.18360291421413422
1663058435,12.893014907836914,0.07331853359937668,241.9468994140625,2557.780029296875,0.18360291421413422
1663058436,12.893014907836914,0.07331853359937668,241.9468994140625,2557.780029296875,0.18360291421413422
1663058437,12.893014907836914,0.07331853359937668,241.9468994140625,2557.780029296875,0.18360291421413422
1663058438,12.893014907836914,0.07331853359937668,241.9468994140625,2557.780029296875,0.18360291421413422
1663058439,12.893014907836914,0.07331853359937668,241.9468994140625,2557.780029296875,0.18360291421413422
1663058440,12.893014907836914,0.07331853359937668,241.9468994140625,2557.780029296875,0.18360291421413422
1663058441,12.893014907836914,0.07331853359937668,241.9468994140625,2557.780029296875,0.18360291421413422
1663058442,12.893014907836914,0.07331853359937668,241.9468994140625,2557.780029296875,0.18360291421413422
1663058443,15.263327598571777,0.07565208524465561,240.88941955566406,2557.780029296875,0.18367743492126465
1663058444,15.263327598571777,0.07565208524465561,240.88941955566406,2557.780029296875,0.18367743492126465
1663058445,15.263327598571777,0.07565208524465561,240.88941955566406,2557.780029296875,0.18367743492126465
1663058446,15.263327598571777,0.07565208524465561,240.88941955566406,2557.780029296875,0.18367743492126465
1663058447,15.263327598571777,0.07565208524465561,240.88941955566406,2557.780029296875,0.18367743492126465
1663058448,15.263327598571777,0.07565208524465561,240.88941955566406,2557.780029296875,0.18367743492126465
1663058449,15.263327598571777,0.07565208524465561,240.88941955566406,2557.780029296875,0.18367743492126465
1663058450,15.263327598571777,0.07565208524465561,240.88941955566406,2557.780029296875,0.18367743492126465
1663058451,15.263327598571777,0.07565208524465561,240.88941955566406,2557.780029296875,0.18367743492126465
1663058452,15.263327598571777,0.07565208524465561,240.88941955566406,2557.780029296875,0.18367743492126465
1663058453,15.263327598571777,0.07565208524465561,240.88941955566406,2557.780029296875,0.18367743492126465
1663058454,15.263327598571777,0.07565208524465561,240.88941955566406,2557.780029296875,0.18367743492126465
1663058455,15.263327598571777,0.07565208524465561,240.88941955566406,2557.780029296875,0.18367743492126465
1663058456,15.263327598571777,0.07565208524465561,240.88941955566406,2557.780029296875,0.18367743492126465
1663058457,15.263327598571777,0.07565208524465561,240.88941955566406,2557.780029296875,0.18367743492126465
1663058458,15.263327598571777,0.07565208524465561,240.88941955566406,2557.780029296875,0.18367743492126465
1663058459,15.263327598571777,0.07565208524465561,240.88941955566406,2557.780029296875,0.18367743492126465
1663058460,15.263327598571777,0.07565208524465561,240.88941955566406,2557.780029296875,0.18367743492126465
1663058461,15.263327598571777,0.07565208524465561,240.88941955566406,2557.780029296875,0.18367743492126465
1663058462,15.263327598571777,0.07565208524465561,240.88941955566406,2557.780029296875,0.18367743492126465
1663058463,12.00414752960205,0.06865141540765762,242.38075256347656,2557.780029296875,0.18374741077423096
1663058464,12.00414752960205,0.06865141540765762,242.38075256347656,2557.780029296875,0.18374741077423096
1663058465,12.00414752960205,0.06865141540765762,242.38075256347656,2557.780029296875,0.18374741077423096
1663058466,12.00414752960205,0.06865141540765762,242.38075256347656,2557.780029296875,0.18374741077423096
1663058467,12.00414752960205,0.06865141540765762,242.38075256347656,2557.780029296875,0.18374741077423096
1663058468,12.00414752960205,0.06865141540765762,242.38075256347656,2557.780029296875,0.18374741077423096
1663058469,12.00414752960205,0.06865141540765762,242.38075256347656,2557.780029296875,0.18374741077423096
1663058470,12.00414752960205,0.06865141540765762,242.38075256347656,2557.780029296875,0.18374741077423096
1663058471,12.00414752960205,0.06865141540765762,242.38075256347656,2557.780029296875,0.18374741077423096
1663058472,12.00414752960205,0.06865141540765762,242.38075256347656,2557.780029296875,0.18374741077423096
1663058473,12.00414752960205,0.06865141540765762,242.38075256347656,2557.780029296875,0.18374741077423096
1663058474,12.00414752960205,0.06865141540765762,242.38075256347656,2557.780029296875,0.18374741077423096
1663058475,12.00414752960205,0.06865141540765762,242.38075256347656,2557.780029296875,0.18374741077423096
1663058476,12.00414752960205,0.06865141540765762,242.38075256347656,2557.780029296875,0.18374741077423096
1663058477,12.00414752960205,0.06865141540765762,242.38075256347656,2557.780029296875,0.18374741077423096
1663058478,12.00414752960205,0.06865141540765762,242.38075256347656,2557.780029296875,0.18374741077423096
1663058479,12.00414752960205,0.06865141540765762,242.38075256347656,2557.780029296875,0.18374741077423096
1663058480,12.00414752960205,0.06865141540765762,242.38075256347656,2557.780029296875,0.18374741077423096
1663058481,12.00414752960205,0.06865141540765762,242.38075256347656,2557.780029296875,0.18374741077423096
1663058482,12.00414752960205,0.06865141540765762,242.38075256347656,2557.780029296875,0.18374741077423096
1663058483,12.00414752960205,0.06865141540765762,242.38075256347656,2617.780029296875,0.18381573259830475
1663058484,12.00414752960205,0.06865141540765762,242.38075256347656,2617.780029296875,0.18381573259830475
1663058485,12.00414752960205,0.06865141540765762,242.38075256347656,2617.780029296875,0.18381573259830475
1663058486,12.00414752960205,0.06865141540765762,242.38075256347656,2617.780029296875,0.18381573259830475
1663058487,12.00414752960205,0.06865141540765762,242.38075256347656,2617.780029296875,0.18381573259830475
1663058488,12.00414752960205,0.06865141540765762,242.38075256347656,2617.780029296875,0.18381573259830475
1663058489,12.00414752960205,0.06865141540765762,242.38075256347656,2617.780029296875,0.18381573259830475
1663058490,12.00414752960205,0.06865141540765762,242.38075256347656,2617.780029296875,0.18381573259830475
1663058491,12.00414752960205,0.06865141540765762,242.38075256347656,2617.780029296875,0.18381573259830475
1663058492,12.00414752960205,0.06865141540765762,242.38075256347656,2617.780029296875,0.18381573259830475
1663058493,12.00414752960205,0.06865141540765762,242.38075256347656,2617.780029296875,0.18381573259830475
1663058494,12.00414752960205,0.06865141540765762,242.38075256347656,2617.780029296875,0.18381573259830475
1663058495,12.00414752960205,0.06865141540765762,242.38075256347656,2617.780029296875,0.18381573259830475
1663058496,12.00414752960205,0.06865141540765762,242.38075256347656,2617.780029296875,0.18381573259830475
1663058497,12.00414752960205,0.06865141540765762,242.38075256347656,2617.780029296875,0.18381573259830475
1663058498,12.00414752960205,0.06865141540765762,242.38075256347656,2617.780029296875,0.18381573259830475
1663058499,12.00414752960205,0.06865141540765762,242.38075256347656,2617.780029296875,0.18381573259830475
1663058500,12.00414752960205,0.06865141540765762,242.38075256347656,2617.780029296875,0.18381573259830475
1663058501,12.00414752960205,0.06865141540765762,242.38075256347656,2617.780029296875,0.18381573259830475
1663058502,12.00414752960205,0.06865141540765762,242.38075256347656,2617.780029296875,0.18381573259830475
1663058503,12.596726417541504,0.06865141540765762,242.35362243652344,2617.780029296875,0.18388448655605316
1663058504,12.596726417541504,0.06865141540765762,242.35362243652344,2617.780029296875,0.18388448655605316
1663058505,12.596726417541504,0.06865141540765762,242.35362243652344,2617.780029296875,0.18388448655605316
1663058506,12.596726417541504,0.06865141540765762,242.35362243652344,2617.780029296875,0.18388448655605316
1663058507,12.596726417541504,0.06865141540765762,242.35362243652344,2617.780029296875,0.18388448655605316
1663058508,12.300436019897461,0.06865141540765762,242.35362243652344,2617.780029296875,0.18391865491867065
1663058509,12.300436019897461,0.06865141540765762,242.35362243652344,2617.780029296875,0.18391865491867065
1663058510,12.300436019897461,0.06865141540765762,242.35362243652344,2617.780029296875,0.18391865491867065
1663058511,12.300436019897461,0.06865141540765762,242.35362243652344,2617.780029296875,0.18391865491867065
1663058512,12.300436019897461,0.06865141540765762,242.35362243652344,2617.780029296875,0.18391865491867065
1663058513,12.300436019897461,0.06865141540765762,242.35362243652344,2617.780029296875,0.18391865491867065
1663058514,12.300436019897461,0.06865141540765762,242.35362243652344,2617.780029296875,0.18391865491867065
1663058515,12.300436019897461,0.06865141540765762,242.35362243652344,2617.780029296875,0.18391865491867065
1663058516,12.300436019897461,0.06865141540765762,242.35362243652344,2617.780029296875,0.18391865491867065
1663058517,12.300436019897461,0.06865141540765762,242.35362243652344,2617.780029296875,0.18391865491867065
1663058518,12.300436019897461,0.06865141540765762,242.35362243652344,2617.780029296875,0.18391865491867065
1663058519,12.300436019897461,0.06865141540765762,242.35362243652344,2617.780029296875,0.18391865491867065
1663058520,12.300436019897461,0.06865141540765762,242.35362243652344,2617.780029296875,0.18391865491867065
1663058521,12.300436019897461,0.06865141540765762,242.35362243652344,2617.780029296875,0.18391865491867065
1663058522,12.300436019897461,0.06865141540765762,242.35362243652344,2617.780029296875,0.18391865491867065
1663058523,12.00414752960205,0.06865141540765762,243.65513610839844,2617.780029296875,0.18395240604877472
1663058524,12.00414752960205,0.06865141540765762,243.65513610839844,2617.780029296875,0.18395240604877472
1663058525,12.00414752960205,0.06865141540765762,243.65513610839844,2617.780029296875,0.18395240604877472
1663058526,12.00414752960205,0.06865141540765762,243.65513610839844,2617.780029296875,0.18395240604877472
1663058527,12.00414752960205,0.06865141540765762,243.65513610839844,2617.780029296875,0.18395240604877472
1663058528,12.00414752960205,0.06865141540765762,243.65513610839844,2617.780029296875,0.18395240604877472
1663058529,12.00414752960205,0.06865141540765762,243.65513610839844,2617.780029296875,0.18395240604877472
1663058530,12.00414752960205,0.06865141540765762,243.65513610839844,2617.780029296875,0.18395240604877472
1663058531,12.00414752960205,0.06865141540765762,243.65513610839844,2617.780029296875,0.18395240604877472
1663058532,12.00414752960205,0.06865141540765762,243.65513610839844,2617.780029296875,0.18395240604877472
1663058533,12.00414752960205,0.06865141540765762,243.65513610839844,2617.780029296875,0.18395240604877472
1663058534,12.00414752960205,0.06865141540765762,243.65513610839844,2617.780029296875,0.18395240604877472
1663058535,12.00414752960205,0.06865141540765762,243.65513610839844,2617.780029296875,0.18395240604877472
1663058536,12.00414752960205,0.06865141540765762,243.65513610839844,2617.780029296875,0.18395240604877472
1663058537,12.00414752960205,0.06865141540765762,243.65513610839844,2617.780029296875,0.18395240604877472
1663058538,12.00414752960205,0.06865141540765762,243.65513610839844,2617.780029296875,0.18395240604877472
1663058539,12.00414752960205,0.06865141540765762,243.65513610839844,2617.780029296875,0.18395240604877472
1663058540,12.00414752960205,0.06865141540765762,243.65513610839844,2617.780029296875,0.18395240604877472
1663058541,12.00414752960205,0.06865141540765762,243.65513610839844,2617.780029296875,0.18395240604877472
1663058542,12.00414752960205,0.06865141540765762,243.65513610839844,2617.780029296875,0.18395240604877472
1663058543,12.596726417541504,0.07098498195409775,244.8210906982422,2677.780029296875,0.18402238190174103
1663058544,12.596726417541504,0.07098498195409775,244.8210906982422,2677.780029296875,0.18402238190174103
1663058545,12.596726417541504,0.07098498195409775,244.8210906982422,2677.780029296875,0.18402238190174103
1663058546,12.596726417541504,0.07098498195409775,244.8210906982422,2677.780029296875,0.18402238190174103
1663058547,12.596726417541504,0.07098498195409775,244.8210906982422,2677.780029296875,0.18402238190174103
1663058548,14.078171730041504,0.07098498195409775,244.8210906982422,2677.780029296875,0.18405984342098236
1663058549,14.078171730041504,0.07098498195409775,244.8210906982422,2677.780029296875,0.18405984342098236
1663058550,14.078171730041504,0.07098498195409775,244.8210906982422,2677.780029296875,0.18405984342098236
1663058551,14.078171730041504,0.07098498195409775,244.8210906982422,2677.780029296875,0.18405984342098236
1663058552,14.078171730041504,0.07098498195409775,244.8210906982422,2677.780029296875,0.18405984342098236
1663058553,14.078171730041504,0.07098498195409775,244.8210906982422,2677.780029296875,0.18405984342098236
1663058554,14.078171730041504,0.07098498195409775,244.8210906982422,2677.780029296875,0.18405984342098236
1663058555,14.078171730041504,0.07098498195409775,244.8210906982422,2677.780029296875,0.18405984342098236
1663058556,14.078171730041504,0.07098498195409775,244.8210906982422,2677.780029296875,0.18405984342098236
1663058557,14.078171730041504,0.07098498195409775,244.8210906982422,2677.780029296875,0.18405984342098236
1663058558,14.078171730041504,0.07098498195409775,244.8210906982422,2677.780029296875,0.18405984342098236
1663058559,14.078171730041504,0.07098498195409775,244.8210906982422,2677.780029296875,0.18405984342098236
1663058560,14.078171730041504,0.07098498195409775,244.8210906982422,2677.780029296875,0.18405984342098236
1663058561,14.078171730041504,0.07098498195409775,244.8210906982422,2677.780029296875,0.18405984342098236
1663058562,14.078171730041504,0.07098498195409775,244.8210906982422,2677.780029296875,0.18405984342098236
1663058563,12.893014907836914,0.06865141540765762,242.7874755859375,2677.780029296875,0.18409855663776398
1663058564,12.893014907836914,0.06865141540765762,242.7874755859375,2677.780029296875,0.18409855663776398
1663058565,12.893014907836914,0.06865141540765762,242.7874755859375,2677.780029296875,0.18409855663776398
1663058566,12.893014907836914,0.06865141540765762,242.7874755859375,2677.780029296875,0.18409855663776398
1663058567,12.893014907836914,0.06865141540765762,242.7874755859375,2677.780029296875,0.18409855663776398
1663058568,12.893014907836914,0.06865141540765762,242.7874755859375,2677.780029296875,0.18409855663776398
1663058569,12.893014907836914,0.06865141540765762,242.7874755859375,2677.780029296875,0.18409855663776398
1663058570,12.893014907836914,0.06865141540765762,242.7874755859375,2677.780029296875,0.18409855663776398
1663058571,12.893014907836914,0.06865141540765762,242.7874755859375,2677.780029296875,0.18409855663776398
1663058572,12.893014907836914,0.06865141540765762,242.7874755859375,2677.780029296875,0.18409855663776398
1663058573,12.893014907836914,0.06865141540765762,242.7874755859375,2677.780029296875,0.18409855663776398
1663058574,12.893014907836914,0.06865141540765762,242.7874755859375,2677.780029296875,0.18409855663776398
1663058575,12.893014907836914,0.06865141540765762,242.7874755859375,2677.780029296875,0.18409855663776398
1663058576,12.893014907836914,0.06865141540765762,242.7874755859375,2677.780029296875,0.18409855663776398
1663058577,12.893014907836914,0.06865141540765762,242.7874755859375,2677.780029296875,0.18409855663776398
1663058578,12.893014907836914,0.06865141540765762,242.7874755859375,2677.780029296875,0.18409855663776398
1663058579,12.893014907836914,0.06865141540765762,242.7874755859375,2677.780029296875,0.18409855663776398
1663058580,12.893014907836914,0.06865141540765762,242.7874755859375,2677.780029296875,0.18409855663776398
1663058581,12.893014907836914,0.06865141540765762,242.7874755859375,2677.780029296875,0.18409855663776398
1663058582,12.893014907836914,0.06865141540765762,242.7874755859375,2677.780029296875,0.18409855663776398
1663058583,12.300436019897461,0.07098498195409775,243.70936584472656,2677.780029296875,0.18416687846183777
1663058584,12.300436019897461,0.07098498195409775,243.70936584472656,2677.780029296875,0.18416687846183777
1663058585,12.300436019897461,0.07098498195409775,243.70936584472656,2677.780029296875,0.18416687846183777
1663058586,12.300436019897461,0.07098498195409775,243.70936584472656,2677.780029296875,0.18416687846183777
1663058587,12.300436019897461,0.07098498195409775,243.70936584472656,2677.780029296875,0.18416687846183777
1663058588,12.300436019897461,0.07098498195409775,243.70936584472656,2677.780029296875,0.18416687846183777
1663058589,12.300436019897461,0.07098498195409775,243.70936584472656,2677.780029296875,0.18416687846183777
1663058590,12.300436019897461,0.07098498195409775,243.70936584472656,2677.780029296875,0.18416687846183777
1663058591,12.300436019897461,0.07098498195409775,243.70936584472656,2677.780029296875,0.18416687846183777
1663058592,12.300436019897461,0.07098498195409775,243.70936584472656,2677.780029296875,0.18416687846183777
1663058593,12.300436019897461,0.07098498195409775,243.70936584472656,2677.780029296875,0.18416687846183777
1663058594,12.300436019897461,0.07098498195409775,243.70936584472656,2677.780029296875,0.18416687846183777
1663058595,12.300436019897461,0.07098498195409775,243.70936584472656,2677.780029296875,0.18416687846183777
1663058596,12.300436019897461,0.07098498195409775,243.70936584472656,2677.780029296875,0.18416687846183777
1663058597,12.300436019897461,0.07098498195409775,243.70936584472656,2677.780029296875,0.18416687846183777
1663058598,12.300436019897461,0.07098498195409775,243.70936584472656,2677.780029296875,0.18416687846183777
1663058599,12.300436019897461,0.07098498195409775,243.70936584472656,2677.780029296875,0.18416687846183777
1663058600,12.300436019897461,0.07098498195409775,243.70936584472656,2677.780029296875,0.18416687846183777
1663058601,12.300436019897461,0.07098498195409775,243.70936584472656,2677.780029296875,0.18416687846183777
1663058602,12.300436019897461,0.07098498195409775,243.70936584472656,2677.780029296875,0.18416687846183777
1663058603,12.300436019897461,0.06865141540765762,243.46534729003906,2737.782958984375,0.18423603475093842
1663058604,12.300436019897461,0.06865141540765762,243.46534729003906,2737.782958984375,0.18423603475093842
1663058605,12.300436019897461,0.06865141540765762,243.46534729003906,2737.782958984375,0.18423603475093842
1663058606,12.300436019897461,0.06865141540765762,243.46534729003906,2737.782958984375,0.18423603475093842
1663058607,12.300436019897461,0.06865141540765762,243.46534729003906,2737.782958984375,0.18423603475093842
1663058608,12.300436019897461,0.06865141540765762,243.46534729003906,2737.782958984375,0.18423603475093842
1663058609,12.300436019897461,0.06865141540765762,243.46534729003906,2737.782958984375,0.18423603475093842
1663058610,12.300436019897461,0.06865141540765762,243.46534729003906,2737.782958984375,0.18423603475093842
1663058611,12.300436019897461,0.06865141540765762,243.46534729003906,2737.782958984375,0.18423603475093842
1663058612,12.300436019897461,0.06865141540765762,243.46534729003906,2737.782958984375,0.18423603475093842
1663058613,12.300436019897461,0.06865141540765762,243.46534729003906,2737.782958984375,0.18423603475093842
1663058614,12.300436019897461,0.06865141540765762,243.46534729003906,2737.782958984375,0.18423603475093842
1663058615,12.300436019897461,0.06865141540765762,243.46534729003906,2737.782958984375,0.18423603475093842
1663058616,12.300436019897461,0.06865141540765762,243.46534729003906,2737.782958984375,0.18423603475093842
1663058617,12.300436019897461,0.06865141540765762,243.46534729003906,2737.782958984375,0.18423603475093842
1663058618,12.300436019897461,0.06865141540765762,243.46534729003906,2737.782958984375,0.18423603475093842
1663058619,12.300436019897461,0.06865141540765762,243.46534729003906,2737.782958984375,0.18423603475093842
1663058620,12.300436019897461,0.06865141540765762,243.46534729003906,2737.782958984375,0.18423603475093842
1663058621,12.300436019897461,0.06865141540765762,243.46534729003906,2737.782958984375,0.18423603475093842
1663058622,12.300436019897461,0.06865141540765762,243.46534729003906,2737.782958984375,0.18423603475093842
1663058623,12.300436019897461,0.07565208524465561,243.031494140625,2737.782958984375,0.1843043863773346
1663058624,12.300436019897461,0.07565208524465561,243.031494140625,2737.782958984375,0.1843043863773346
1663058625,12.300436019897461,0.07565208524465561,243.031494140625,2737.782958984375,0.1843043863773346
1663058626,12.300436019897461,0.07565208524465561,243.031494140625,2737.782958984375,0.1843043863773346
1663058627,12.300436019897461,0.07565208524465561,243.031494140625,2737.782958984375,0.1843043863773346
1663058628,12.300436019897461,0.07565208524465561,243.031494140625,2737.782958984375,0.1843043863773346
1663058629,12.300436019897461,0.07565208524465561,243.031494140625,2737.782958984375,0.1843043863773346
1663058630,12.300436019897461,0.07565208524465561,243.031494140625,2737.782958984375,0.1843043863773346
1663058631,12.300436019897461,0.07565208524465561,243.031494140625,2737.782958984375,0.1843043863773346
1663058632,12.300436019897461,0.07565208524465561,243.031494140625,2737.782958984375,0.1843043863773346
1663058633,12.300436019897461,0.07565208524465561,243.031494140625,2737.782958984375,0.1843043863773346
1663058634,12.300436019897461,0.07565208524465561,243.031494140625,2737.782958984375,0.1843043863773346
1663058635,12.300436019897461,0.07565208524465561,243.031494140625,2737.782958984375,0.1843043863773346
1663058636,12.300436019897461,0.07565208524465561,243.031494140625,2737.782958984375,0.1843043863773346
1663058637,12.300436019897461,0.07565208524465561,243.031494140625,2737.782958984375,0.1843043863773346
1663058638,12.300436019897461,0.07565208524465561,243.031494140625,2737.782958984375,0.1843043863773346
1663058639,12.300436019897461,0.07565208524465561,243.031494140625,2737.782958984375,0.1843043863773346
1663058640,12.300436019897461,0.07565208524465561,243.031494140625,2737.782958984375,0.1843043863773346
1663058641,12.300436019897461,0.07565208524465561,243.031494140625,2737.782958984375,0.1843043863773346
1663058642,12.300436019897461,0.07565208524465561,243.031494140625,2737.782958984375,0.1843043863773346
1663058643,13.48559284210205,0.07331853359937668,242.76034545898438,2737.782958984375,0.18437598645687103
1663058644,12.893014907836914,0.07331853359937668,242.76034545898438,2737.782958984375,0.18437598645687103
1663058645,12.893014907836914,0.07331853359937668,242.76034545898438,2737.782958984375,0.18437598645687103
1663058646,12.893014907836914,0.07331853359937668,242.76034545898438,2737.782958984375,0.18437598645687103
1663058647,12.893014907836914,0.07331853359937668,242.76034545898438,2737.782958984375,0.18437598645687103
1663058648,12.596726417541504,0.07331853359937668,242.76034545898438,2737.782958984375,0.18441139161586761
1663058649,12.596726417541504,0.07331853359937668,242.76034545898438,2737.782958984375,0.18441139161586761
1663058650,12.596726417541504,0.07331853359937668,242.76034545898438,2737.782958984375,0.18441139161586761
1663058651,12.596726417541504,0.07331853359937668,242.76034545898438,2737.782958984375,0.18441139161586761
1663058652,12.596726417541504,0.07331853359937668,242.76034545898438,2737.782958984375,0.18441139161586761
1663058653,12.596726417541504,0.07331853359937668,242.76034545898438,2737.782958984375,0.18441139161586761
1663058654,12.596726417541504,0.07331853359937668,242.76034545898438,2737.782958984375,0.18441139161586761
1663058655,12.596726417541504,0.07331853359937668,242.76034545898438,2737.782958984375,0.18441139161586761
1663058656,12.596726417541504,0.07331853359937668,242.76034545898438,2737.782958984375,0.18441139161586761
1663058657,12.596726417541504,0.07331853359937668,242.76034545898438,2737.782958984375,0.18441139161586761
1663058658,12.596726417541504,0.07331853359937668,242.76034545898438,2737.782958984375,0.18441139161586761
1663058659,12.596726417541504,0.07331853359937668,242.76034545898438,2737.782958984375,0.18441139161586761
1663058660,12.596726417541504,0.07331853359937668,242.76034545898438,2737.782958984375,0.18441139161586761
1663058661,12.596726417541504,0.07331853359937668,242.76034545898438,2737.782958984375,0.18441139161586761
1663058662,12.596726417541504,0.07331853359937668,242.76034545898438,2737.782958984375,0.18441139161586761
1663058663,12.596726417541504,0.07098498195409775,241.10633850097656,2797.781982421875,0.18444596230983734
1663058664,12.300436019897461,0.07098498195409775,241.10633850097656,2797.781982421875,0.18444596230983734
1663058665,12.300436019897461,0.07098498195409775,241.10633850097656,2797.781982421875,0.18444596230983734
1663058666,12.300436019897461,0.07098498195409775,241.10633850097656,2797.781982421875,0.18444596230983734
1663058667,12.300436019897461,0.07098498195409775,241.10633850097656,2797.781982421875,0.18444596230983734
1663058668,12.300436019897461,0.07098498195409775,241.10633850097656,2797.781982421875,0.18448054790496826
1663058669,12.300436019897461,0.07098498195409775,241.10633850097656,2797.781982421875,0.18448054790496826
1663058670,12.300436019897461,0.07098498195409775,241.10633850097656,2797.781982421875,0.18448054790496826
1663058671,12.300436019897461,0.07098498195409775,241.10633850097656,2797.781982421875,0.18448054790496826
1663058672,12.300436019897461,0.07098498195409775,241.10633850097656,2797.781982421875,0.18448054790496826
1663058673,12.00414752960205,0.07098498195409775,241.8113250732422,2797.781982421875,0.18448054790496826
1663058674,12.00414752960205,0.07098498195409775,241.8113250732422,2797.781982421875,0.18448054790496826
1663058675,12.00414752960205,0.07098498195409775,241.8113250732422,2797.781982421875,0.18448054790496826
1663058676,12.00414752960205,0.07098498195409775,241.8113250732422,2797.781982421875,0.18448054790496826
1663058677,12.00414752960205,0.07098498195409775,241.8113250732422,2797.781982421875,0.18448054790496826
1663058678,12.00414752960205,0.07098498195409775,241.8113250732422,2797.781982421875,0.18448054790496826
1663058679,12.00414752960205,0.07098498195409775,241.8113250732422,2797.781982421875,0.18448054790496826
1663058680,12.00414752960205,0.07098498195409775,241.8113250732422,2797.781982421875,0.18448054790496826
1663058681,12.00414752960205,0.07098498195409775,241.8113250732422,2797.781982421875,0.18448054790496826
1663058682,12.00414752960205,0.07098498195409775,241.8113250732422,2797.781982421875,0.18448054790496826
1663058683,12.596726417541504,0.07098498195409775,241.8113250732422,2797.781982421875,0.18451473116874695
1663058684,12.596726417541504,0.07098498195409775,241.8113250732422,2797.781982421875,0.18451473116874695
1663058685,12.596726417541504,0.07098498195409775,241.8113250732422,2797.781982421875,0.18451473116874695
1663058686,12.596726417541504,0.07098498195409775,241.8113250732422,2797.781982421875,0.18451473116874695
1663058687,12.596726417541504,0.07098498195409775,241.8113250732422,2797.781982421875,0.18451473116874695
1663058688,12.596726417541504,0.07098498195409775,241.8113250732422,2797.781982421875,0.18451473116874695
1663058689,12.596726417541504,0.07098498195409775,241.8113250732422,2797.781982421875,0.18451473116874695
1663058690,12.596726417541504,0.07098498195409775,241.8113250732422,2797.781982421875,0.18451473116874695
1663058691,12.596726417541504,0.07098498195409775,241.8113250732422,2797.781982421875,0.18451473116874695
1663058692,12.596726417541504,0.07098498195409775,241.8113250732422,2797.781982421875,0.18451473116874695
1663058693,12.596726417541504,0.07098498195409775,241.75709533691406,2797.781982421875,0.18455012142658234
1663058694,12.596726417541504,0.07098498195409775,241.75709533691406,2797.781982421875,0.18455012142658234
1663058695,12.596726417541504,0.07098498195409775,241.75709533691406,2797.781982421875,0.18455012142658234
1663058696,12.596726417541504,0.07098498195409775,241.75709533691406,2797.781982421875,0.18455012142658234
1663058697,12.596726417541504,0.07098498195409775,241.75709533691406,2797.781982421875,0.18455012142658234
1663058698,12.596726417541504,0.07098498195409775,241.75709533691406,2797.781982421875,0.18455012142658234
1663058699,12.596726417541504,0.07098498195409775,241.75709533691406,2797.781982421875,0.18455012142658234
1663058700,12.596726417541504,0.07098498195409775,241.75709533691406,2797.781982421875,0.18455012142658234
1663058701,12.596726417541504,0.07098498195409775,241.75709533691406,2797.781982421875,0.18455012142658234
1663058702,12.596726417541504,0.07098498195409775,241.75709533691406,2797.781982421875,0.18455012142658234
1663058703,13.189303398132324,0.07331853359937668,241.75709533691406,2797.781982421875,0.18458592891693115
1663058704,13.189303398132324,0.07331853359937668,241.75709533691406,2797.781982421875,0.18458592891693115
1663058705,13.189303398132324,0.07331853359937668,241.75709533691406,2797.781982421875,0.18458592891693115
1663058706,13.189303398132324,0.07331853359937668,241.75709533691406,2797.781982421875,0.18458592891693115
1663058707,13.189303398132324,0.07331853359937668,241.75709533691406,2797.781982421875,0.18458592891693115
1663058708,13.189303398132324,0.07331853359937668,241.75709533691406,2797.781982421875,0.18458592891693115
1663058709,13.189303398132324,0.07331853359937668,241.75709533691406,2797.781982421875,0.18458592891693115
1663058710,13.189303398132324,0.07331853359937668,241.75709533691406,2797.781982421875,0.18458592891693115
1663058711,13.189303398132324,0.07331853359937668,241.75709533691406,2797.781982421875,0.18458592891693115
1663058712,13.189303398132324,0.07331853359937668,241.75709533691406,2797.781982421875,0.18458592891693115
1663058713,13.189303398132324,0.07331853359937668,241.75709533691406,2797.781982421875,0.18458592891693115
1663058714,13.189303398132324,0.07331853359937668,241.75709533691406,2797.781982421875,0.18458592891693115
1663058715,13.189303398132324,0.07331853359937668,241.75709533691406,2797.781982421875,0.18458592891693115
1663058716,13.189303398132324,0.07331853359937668,241.75709533691406,2797.781982421875,0.18458592891693115
1663058717,13.189303398132324,0.07331853359937668,241.75709533691406,2797.781982421875,0.18458592891693115
1663058718,12.596726417541504,0.07331853359937668,242.10958862304688,2857.780029296875,0.18466126918792725
1663058719,12.596726417541504,0.07331853359937668,242.10958862304688,2857.780029296875,0.18466126918792725
1663058720,12.596726417541504,0.07331853359937668,242.10958862304688,2857.780029296875,0.18466126918792725
1663058721,12.596726417541504,0.07331853359937668,242.10958862304688,2857.780029296875,0.18466126918792725
1663058722,12.596726417541504,0.07331853359937668,242.10958862304688,2857.780029296875,0.18466126918792725
1663058723,12.596726417541504,0.07331853359937668,242.10958862304688,2857.780029296875,0.18466126918792725
1663058724,12.596726417541504,0.07331853359937668,242.10958862304688,2857.780029296875,0.18466126918792725
1663058725,12.596726417541504,0.07331853359937668,242.10958862304688,2857.780029296875,0.18466126918792725
1663058726,12.596726417541504,0.07331853359937668,242.10958862304688,2857.780029296875,0.18466126918792725
1663058727,12.596726417541504,0.07331853359937668,242.10958862304688,2857.780029296875,0.18466126918792725
1663058728,12.596726417541504,0.07331853359937668,242.10958862304688,2857.780029296875,0.18466126918792725
1663058729,12.596726417541504,0.07331853359937668,242.10958862304688,2857.780029296875,0.18466126918792725
1663058730,12.596726417541504,0.07331853359937668,242.10958862304688,2857.780029296875,0.18466126918792725
1663058731,12.596726417541504,0.07331853359937668,242.10958862304688,2857.780029296875,0.18466126918792725
1663058732,12.596726417541504,0.07331853359937668,242.10958862304688,2857.780029296875,0.18466126918792725
1663058733,12.596726417541504,0.07331853359937668,242.10958862304688,2857.780029296875,0.18466126918792725
1663058734,12.596726417541504,0.07331853359937668,242.10958862304688,2857.780029296875,0.18466126918792725
1663058735,12.596726417541504,0.07331853359937668,242.10958862304688,2857.780029296875,0.18466126918792725
1663058736,12.596726417541504,0.07331853359937668,242.10958862304688,2857.780029296875,0.18466126918792725
1663058737,12.596726417541504,0.07331853359937668,242.10958862304688,2857.780029296875,0.18466126918792725
1663058738,12.596726417541504,0.07331853359937668,242.10958862304688,2857.780029296875,0.18466126918792725
1663058739,12.596726417541504,0.07331853359937668,242.10958862304688,2857.780029296875,0.18466126918792725
1663058740,12.596726417541504,0.07331853359937668,242.10958862304688,2857.780029296875,0.18466126918792725
1663058741,12.596726417541504,0.07331853359937668,242.10958862304688,2857.780029296875,0.18466126918792725
1663058742,12.596726417541504,0.07331853359937668,242.10958862304688,2857.780029296875,0.18466126918792725
1663058743,12.300436019897461,0.07098498195409775,241.5944061279297,2857.780029296875,0.1847304105758667
1663058744,12.300436019897461,0.07098498195409775,241.5944061279297,2857.780029296875,0.1847304105758667
1663058745,12.300436019897461,0.07098498195409775,241.5944061279297,2857.780029296875,0.1847304105758667
1663058746,12.300436019897461,0.07098498195409775,241.5944061279297,2857.780029296875,0.1847304105758667
1663058747,12.300436019897461,0.07098498195409775,241.5944061279297,2857.780029296875,0.1847304105758667
1663058748,12.300436019897461,0.07098498195409775,241.5944061279297,2857.780029296875,0.1847304105758667
1663058749,12.300436019897461,0.07098498195409775,241.5944061279297,2857.780029296875,0.1847304105758667
1663058750,12.300436019897461,0.07098498195409775,241.5944061279297,2857.780029296875,0.1847304105758667
1663058751,12.300436019897461,0.07098498195409775,241.5944061279297,2857.780029296875,0.1847304105758667
1663058752,12.300436019897461,0.07098498195409775,241.5944061279297,2857.780029296875,0.1847304105758667
1663058753,12.300436019897461,0.07098498195409775,241.5944061279297,2857.780029296875,0.1847304105758667
1663058754,12.300436019897461,0.07098498195409775,241.5944061279297,2857.780029296875,0.1847304105758667
1663058755,12.300436019897461,0.07098498195409775,241.5944061279297,2857.780029296875,0.1847304105758667
1663058756,12.300436019897461,0.07098498195409775,241.5944061279297,2857.780029296875,0.1847304105758667
1663058757,12.300436019897461,0.07098498195409775,241.5944061279297,2857.780029296875,0.1847304105758667
1663058758,12.300436019897461,0.07098498195409775,241.5944061279297,2857.780029296875,0.1847304105758667
1663058759,12.300436019897461,0.07098498195409775,241.5944061279297,2857.780029296875,0.1847304105758667
1663058760,12.300436019897461,0.07098498195409775,241.5944061279297,2857.780029296875,0.1847304105758667
1663058761,12.300436019897461,0.07098498195409775,241.5944061279297,2857.780029296875,0.1847304105758667
1663058762,12.300436019897461,0.07098498195409775,241.5944061279297,2857.780029296875,0.1847304105758667
1663058763,12.300436019897461,0.06865141540765762,240.5369110107422,2857.780029296875,0.18479876220226288
1663058764,12.00414752960205,0.06865141540765762,240.5369110107422,2857.780029296875,0.18481548130512238
1663058765,12.00414752960205,0.06865141540765762,240.5369110107422,2857.780029296875,0.18481548130512238
1663058766,12.00414752960205,0.06865141540765762,240.5369110107422,2857.780029296875,0.18481548130512238
1663058767,12.00414752960205,0.06865141540765762,240.5369110107422,2857.780029296875,0.18481548130512238
1663058768,12.00414752960205,0.06865141540765762,240.5369110107422,2857.780029296875,0.18481548130512238
1663058769,12.00414752960205,0.06865141540765762,240.5369110107422,2857.780029296875,0.18481548130512238
1663058770,12.00414752960205,0.06865141540765762,240.5369110107422,2857.780029296875,0.18481548130512238
1663058771,12.00414752960205,0.06865141540765762,240.5369110107422,2857.780029296875,0.18481548130512238
1663058772,12.00414752960205,0.06865141540765762,240.5369110107422,2857.780029296875,0.18481548130512238
1663058773,12.00414752960205,0.06865141540765762,240.5369110107422,2857.780029296875,0.18481548130512238
1663058774,12.00414752960205,0.06865141540765762,240.5369110107422,2857.780029296875,0.18481548130512238
1663058775,12.00414752960205,0.06865141540765762,240.5369110107422,2857.780029296875,0.18481548130512238
1663058776,12.00414752960205,0.06865141540765762,240.5369110107422,2857.780029296875,0.18481548130512238
1663058777,12.00414752960205,0.06865141540765762,240.5369110107422,2857.780029296875,0.18481548130512238
1663058778,12.00414752960205,0.06865141540765762,240.5369110107422,2857.780029296875,0.18481548130512238
1663058779,12.00414752960205,0.06865141540765762,240.5369110107422,2857.780029296875,0.18481548130512238
1663058780,12.00414752960205,0.06865141540765762,240.5369110107422,2857.780029296875,0.18481548130512238
1663058781,12.00414752960205,0.06865141540765762,240.5369110107422,2857.780029296875,0.18481548130512238
1663058782,12.00414752960205,0.06865141540765762,240.5369110107422,2857.780029296875,0.18481548130512238
1663058783,12.596726417541504,0.07098498195409775,242.57054138183594,2917.780029296875,0.1848674863576889
1663058784,12.596726417541504,0.07098498195409775,242.57054138183594,2917.780029296875,0.1848674863576889
1663058785,12.596726417541504,0.07098498195409775,242.57054138183594,2917.780029296875,0.1848674863576889
1663058786,12.596726417541504,0.07098498195409775,242.57054138183594,2917.780029296875,0.1848674863576889
1663058787,12.596726417541504,0.07098498195409775,242.57054138183594,2917.780029296875,0.1848674863576889
1663058788,12.596726417541504,0.07098498195409775,242.57054138183594,2917.780029296875,0.1848674863576889
1663058789,12.596726417541504,0.07098498195409775,242.57054138183594,2917.780029296875,0.1848674863576889
1663058790,12.596726417541504,0.07098498195409775,242.57054138183594,2917.780029296875,0.1848674863576889
1663058791,12.596726417541504,0.07098498195409775,242.57054138183594,2917.780029296875,0.1848674863576889
1663058792,12.596726417541504,0.07098498195409775,242.57054138183594,2917.780029296875,0.1848674863576889
1663058793,12.596726417541504,0.07098498195409775,242.57054138183594,2917.780029296875,0.1848674863576889
1663058794,12.596726417541504,0.07098498195409775,242.57054138183594,2917.780029296875,0.1848674863576889
1663058795,12.596726417541504,0.07098498195409775,242.57054138183594,2917.780029296875,0.1848674863576889
1663058796,12.596726417541504,0.07098498195409775,242.57054138183594,2917.780029296875,0.1848674863576889
1663058797,12.596726417541504,0.07098498195409775,242.57054138183594,2917.780029296875,0.1848674863576889
1663058798,12.596726417541504,0.07098498195409775,242.57054138183594,2917.780029296875,0.1848674863576889
1663058799,12.596726417541504,0.07098498195409775,242.57054138183594,2917.780029296875,0.1848674863576889
1663058800,12.596726417541504,0.07098498195409775,242.57054138183594,2917.780029296875,0.1848674863576889
1663058801,12.596726417541504,0.07098498195409775,242.57054138183594,2917.780029296875,0.1848674863576889
1663058802,12.596726417541504,0.07098498195409775,242.57054138183594,2917.780029296875,0.1848674863576889
1663058803,12.893014907836914,0.07331853359937668,243.031494140625,2917.780029296875,0.18493831157684326
1663058804,12.893014907836914,0.07331853359937668,243.031494140625,2917.780029296875,0.18493831157684326
1663058805,12.893014907836914,0.07331853359937668,243.031494140625,2917.780029296875,0.18493831157684326
1663058806,12.893014907836914,0.07331853359937668,243.031494140625,2917.780029296875,0.18493831157684326
1663058807,12.893014907836914,0.07331853359937668,243.031494140625,2917.780029296875,0.18493831157684326
1663058808,12.893014907836914,0.07331853359937668,243.031494140625,2917.780029296875,0.18493831157684326
1663058809,12.893014907836914,0.07331853359937668,243.031494140625,2917.780029296875,0.18493831157684326
1663058810,12.893014907836914,0.07331853359937668,243.031494140625,2917.780029296875,0.18493831157684326
1663058811,12.893014907836914,0.07331853359937668,243.031494140625,2917.780029296875,0.18493831157684326
1663058812,12.893014907836914,0.07331853359937668,243.031494140625,2917.780029296875,0.18493831157684326
1663058813,12.893014907836914,0.07331853359937668,243.031494140625,2917.780029296875,0.18493831157684326
1663058814,12.893014907836914,0.07331853359937668,243.031494140625,2917.780029296875,0.18493831157684326
1663058815,12.893014907836914,0.07331853359937668,243.031494140625,2917.780029296875,0.18493831157684326
1663058816,12.893014907836914,0.07331853359937668,243.031494140625,2917.780029296875,0.18493831157684326
1663058817,12.893014907836914,0.07331853359937668,243.031494140625,2917.780029296875,0.18493831157684326
1663058818,12.893014907836914,0.07331853359937668,243.031494140625,2917.780029296875,0.18493831157684326
1663058819,12.893014907836914,0.07331853359937668,243.031494140625,2917.780029296875,0.18493831157684326
1663058820,12.893014907836914,0.07331853359937668,243.031494140625,2917.780029296875,0.18493831157684326
1663058821,12.893014907836914,0.07331853359937668,243.031494140625,2917.780029296875,0.18493831157684326
1663058822,12.893014907836914,0.07331853359937668,243.031494140625,2917.780029296875,0.18493831157684326
1663058823,12.893014907836914,0.07331853359937668,242.2993927001953,2917.780029296875,0.18500952422618866
1663058824,12.893014907836914,0.07331853359937668,242.2993927001953,2917.780029296875,0.18500952422618866
1663058825,12.893014907836914,0.07331853359937668,242.2993927001953,2917.780029296875,0.18500952422618866
1663058826,12.893014907836914,0.07331853359937668,242.2993927001953,2917.780029296875,0.18500952422618866
1663058827,12.893014907836914,0.07331853359937668,242.2993927001953,2917.780029296875,0.18500952422618866
1663058828,12.893014907836914,0.07331853359937668,242.2993927001953,2917.780029296875,0.18500952422618866
1663058829,12.893014907836914,0.07331853359937668,242.2993927001953,2917.780029296875,0.18500952422618866
1663058830,12.893014907836914,0.07331853359937668,242.2993927001953,2917.780029296875,0.18500952422618866
1663058831,12.893014907836914,0.07331853359937668,242.2993927001953,2917.780029296875,0.18500952422618866
1663058832,12.893014907836914,0.07331853359937668,242.2993927001953,2917.780029296875,0.18500952422618866
1663058833,12.893014907836914,0.07331853359937668,242.2993927001953,2917.780029296875,0.18500952422618866
1663058834,12.893014907836914,0.07331853359937668,242.2993927001953,2917.780029296875,0.18500952422618866
1663058835,12.893014907836914,0.07331853359937668,242.2993927001953,2917.780029296875,0.18500952422618866
1663058836,12.893014907836914,0.07331853359937668,242.2993927001953,2917.780029296875,0.18500952422618866
1663058837,12.893014907836914,0.07331853359937668,242.2993927001953,2917.780029296875,0.18500952422618866
1663058838,12.893014907836914,0.07331853359937668,242.2993927001953,2917.780029296875,0.18500952422618866
1663058839,12.893014907836914,0.07331853359937668,242.2993927001953,2917.780029296875,0.18500952422618866
1663058840,12.893014907836914,0.07331853359937668,242.2993927001953,2917.780029296875,0.18500952422618866
1663058841,12.893014907836914,0.07331853359937668,242.2993927001953,2917.780029296875,0.18500952422618866
1663058842,12.893014907836914,0.07331853359937668,242.2993927001953,2917.780029296875,0.18500952422618866
1663058843,12.596726417541504,0.07565208524465561,244.98377990722656,2977.781005859375,0.18508072197437286
1663058844,12.596726417541504,0.07565208524465561,244.98377990722656,2977.781005859375,0.18508072197437286
1663058845,12.596726417541504,0.07565208524465561,244.98377990722656,2977.781005859375,0.18508072197437286
1663058846,12.596726417541504,0.07565208524465561,244.98377990722656,2977.781005859375,0.18508072197437286
1663058847,12.596726417541504,0.07565208524465561,244.98377990722656,2977.781005859375,0.18508072197437286
1663058848,14.374459266662598,0.07565208524465561,244.98377990722656,2977.781005859375,0.18511943519115448
1663058849,14.374459266662598,0.07565208524465561,244.98377990722656,2977.781005859375,0.18511943519115448
1663058850,14.374459266662598,0.07565208524465561,244.98377990722656,2977.781005859375,0.18511943519115448
1663058851,14.374459266662598,0.07565208524465561,244.98377990722656,2977.781005859375,0.18511943519115448
1663058852,14.374459266662598,0.07565208524465561,244.98377990722656,2977.781005859375,0.18511943519115448
1663058853,14.374459266662598,0.07565208524465561,244.98377990722656,2977.781005859375,0.18511943519115448
1663058854,14.374459266662598,0.07565208524465561,244.98377990722656,2977.781005859375,0.18511943519115448
1663058855,14.374459266662598,0.07565208524465561,244.98377990722656,2977.781005859375,0.18511943519115448
1663058856,14.374459266662598,0.07565208524465561,244.98377990722656,2977.781005859375,0.18511943519115448
1663058857,14.374459266662598,0.07565208524465561,244.98377990722656,2977.781005859375,0.18511943519115448
1663058858,14.374459266662598,0.07565208524465561,244.98377990722656,2977.781005859375,0.18511943519115448
1663058859,14.374459266662598,0.07565208524465561,244.98377990722656,2977.781005859375,0.18511943519115448
1663058860,14.374459266662598,0.07565208524465561,244.98377990722656,2977.781005859375,0.18511943519115448
1663058861,14.374459266662598,0.07565208524465561,244.98377990722656,2977.781005859375,0.18511943519115448
1663058862,14.374459266662598,0.07565208524465561,244.98377990722656,2977.781005859375,0.18511943519115448
1663058863,14.96703815460205,0.07798563688993454,243.9805145263672,2977.781005859375,0.18516142666339874
1663058864,14.96703815460205,0.07798563688993454,243.9805145263672,2977.781005859375,0.18516142666339874
1663058865,14.96703815460205,0.07798563688993454,243.9805145263672,2977.781005859375,0.18516142666339874
1663058866,14.96703815460205,0.07798563688993454,243.9805145263672,2977.781005859375,0.18516142666339874
1663058867,14.96703815460205,0.07798563688993454,243.9805145263672,2977.781005859375,0.18516142666339874
1663058868,14.96703815460205,0.07798563688993454,243.9805145263672,2977.781005859375,0.18516142666339874
1663058869,14.96703815460205,0.07798563688993454,243.9805145263672,2977.781005859375,0.18516142666339874
1663058870,14.96703815460205,0.07798563688993454,243.9805145263672,2977.781005859375,0.18516142666339874
1663058871,14.96703815460205,0.07798563688993454,243.9805145263672,2977.781005859375,0.18516142666339874
1663058872,14.96703815460205,0.07798563688993454,243.9805145263672,2977.781005859375,0.18516142666339874
1663058873,14.96703815460205,0.07798563688993454,243.9805145263672,2977.781005859375,0.18516142666339874
1663058874,14.96703815460205,0.07798563688993454,243.9805145263672,2977.781005859375,0.18516142666339874
1663058875,14.96703815460205,0.07798563688993454,243.9805145263672,2977.781005859375,0.18516142666339874
1663058876,14.96703815460205,0.07798563688993454,243.9805145263672,2977.781005859375,0.18516142666339874
1663058877,14.96703815460205,0.07798563688993454,243.9805145263672,2977.781005859375,0.18516142666339874
1663058878,14.96703815460205,0.07798563688993454,243.9805145263672,2977.781005859375,0.18516142666339874
1663058879,14.96703815460205,0.07798563688993454,243.9805145263672,2977.781005859375,0.18516142666339874
1663058880,14.96703815460205,0.07798563688993454,243.9805145263672,2977.781005859375,0.18516142666339874
1663058881,14.96703815460205,0.07798563688993454,243.9805145263672,2977.781005859375,0.18516142666339874
1663058882,14.96703815460205,0.07798563688993454,243.9805145263672,2977.781005859375,0.18516142666339874
1663058883,12.893014907836914,0.07098498195409775,243.00437927246094,2977.781005859375,0.1852388232946396
1663058884,12.893014907836914,0.07098498195409775,243.00437927246094,2977.781005859375,0.1852388232946396
1663058885,12.893014907836914,0.07098498195409775,243.00437927246094,2977.781005859375,0.1852388232946396
1663058886,12.893014907836914,0.07098498195409775,243.00437927246094,2977.781005859375,0.1852388232946396
1663058887,12.893014907836914,0.07098498195409775,243.00437927246094,2977.781005859375,0.1852388232946396
1663058888,12.893014907836914,0.07098498195409775,243.00437927246094,2977.781005859375,0.1852388232946396
1663058889,12.893014907836914,0.07098498195409775,243.00437927246094,2977.781005859375,0.1852388232946396
1663058890,12.893014907836914,0.07098498195409775,243.00437927246094,2977.781005859375,0.1852388232946396
1663058891,12.893014907836914,0.07098498195409775,243.00437927246094,2977.781005859375,0.1852388232946396
1663058892,12.893014907836914,0.07098498195409775,243.00437927246094,2977.781005859375,0.1852388232946396
1663058893,12.893014907836914,0.07098498195409775,243.00437927246094,2977.781005859375,0.1852388232946396
1663058894,12.893014907836914,0.07098498195409775,243.00437927246094,2977.781005859375,0.1852388232946396
1663058895,12.893014907836914,0.07098498195409775,243.00437927246094,2977.781005859375,0.1852388232946396
1663058896,12.893014907836914,0.07098498195409775,243.00437927246094,2977.781005859375,0.1852388232946396
1663058897,12.893014907836914,0.07098498195409775,243.00437927246094,2977.781005859375,0.1852388232946396
1663058898,12.893014907836914,0.07098498195409775,243.00437927246094,2977.781005859375,0.1852388232946396
1663058899,12.893014907836914,0.07098498195409775,243.00437927246094,2977.781005859375,0.1852388232946396
1663058900,12.893014907836914,0.07098498195409775,243.00437927246094,2977.781005859375,0.1852388232946396
1663058901,12.893014907836914,0.07098498195409775,243.00437927246094,2977.781005859375,0.1852388232946396
1663058902,12.893014907836914,0.07098498195409775,243.00437927246094,2977.781005859375,0.1852388232946396
1663058903,12.893014907836914,0.07098498195409775,243.30264282226562,3037.780029296875,0.18530961871147156
1663058904,12.893014907836914,0.07098498195409775,243.30264282226562,3037.780029296875,0.18530961871147156
1663058905,12.893014907836914,0.07098498195409775,243.30264282226562,3037.780029296875,0.18530961871147156
1663058906,12.893014907836914,0.07098498195409775,243.30264282226562,3037.780029296875,0.18530961871147156
1663058907,12.893014907836914,0.07098498195409775,243.30264282226562,3037.780029296875,0.18530961871147156
1663058908,12.893014907836914,0.07098498195409775,243.30264282226562,3037.780029296875,0.18530961871147156
1663058909,12.893014907836914,0.07098498195409775,243.30264282226562,3037.780029296875,0.18530961871147156
1663058910,12.893014907836914,0.07098498195409775,243.30264282226562,3037.780029296875,0.18530961871147156
1663058911,12.893014907836914,0.07098498195409775,243.30264282226562,3037.780029296875,0.18530961871147156
1663058912,12.893014907836914,0.07098498195409775,243.30264282226562,3037.780029296875,0.18530961871147156
1663058913,12.893014907836914,0.07098498195409775,243.30264282226562,3037.780029296875,0.18530961871147156
1663058914,12.893014907836914,0.07098498195409775,243.30264282226562,3037.780029296875,0.18530961871147156
1663058915,12.893014907836914,0.07098498195409775,243.30264282226562,3037.780029296875,0.18530961871147156
1663058916,12.893014907836914,0.07098498195409775,243.30264282226562,3037.780029296875,0.18530961871147156
1663058917,12.893014907836914,0.07098498195409775,243.30264282226562,3037.780029296875,0.18530961871147156
1663058918,12.893014907836914,0.07098498195409775,243.30264282226562,3037.780029296875,0.18530961871147156
1663058919,12.893014907836914,0.07098498195409775,243.30264282226562,3037.780029296875,0.18530961871147156
1663058920,12.893014907836914,0.07098498195409775,243.30264282226562,3037.780029296875,0.18530961871147156
1663058921,12.893014907836914,0.07098498195409775,243.30264282226562,3037.780029296875,0.18530961871147156
1663058922,12.893014907836914,0.07098498195409775,243.30264282226562,3037.780029296875,0.18530961871147156
1663058923,12.300436019897461,0.06865141540765762,244.2245635986328,3037.780029296875,0.1853787750005722
1663058924,12.300436019897461,0.06865141540765762,244.2245635986328,3037.780029296875,0.1853787750005722
1663058925,12.300436019897461,0.06865141540765762,244.2245635986328,3037.780029296875,0.1853787750005722
1663058926,12.300436019897461,0.06865141540765762,244.2245635986328,3037.780029296875,0.1853787750005722
1663058927,12.300436019897461,0.06865141540765762,244.2245635986328,3037.780029296875,0.1853787750005722
1663058928,12.300436019897461,0.06865141540765762,244.2245635986328,3037.780029296875,0.1853787750005722
1663058929,12.300436019897461,0.06865141540765762,244.2245635986328,3037.780029296875,0.1853787750005722
1663058930,12.300436019897461,0.06865141540765762,244.2245635986328,3037.780029296875,0.1853787750005722
1663058931,12.300436019897461,0.06865141540765762,244.2245635986328,3037.780029296875,0.1853787750005722
1663058932,12.300436019897461,0.06865141540765762,244.2245635986328,3037.780029296875,0.1853787750005722
1663058933,12.300436019897461,0.06865141540765762,244.2245635986328,3037.780029296875,0.1853787750005722
1663058934,12.300436019897461,0.06865141540765762,244.2245635986328,3037.780029296875,0.1853787750005722
1663058935,12.300436019897461,0.06865141540765762,244.2245635986328,3037.780029296875,0.1853787750005722
1663058936,12.300436019897461,0.06865141540765762,244.2245635986328,3037.780029296875,0.1853787750005722
1663058937,12.300436019897461,0.06865141540765762,244.2245635986328,3037.780029296875,0.1853787750005722
1663058938,12.300436019897461,0.06865141540765762,244.2245635986328,3037.780029296875,0.1853787750005722
1663058939,12.300436019897461,0.06865141540765762,244.2245635986328,3037.780029296875,0.1853787750005722
1663058940,12.300436019897461,0.06865141540765762,244.2245635986328,3037.780029296875,0.1853787750005722
1663058941,12.300436019897461,0.06865141540765762,244.2245635986328,3037.780029296875,0.1853787750005722
1663058942,12.300436019897461,0.06865141540765762,244.2245635986328,3037.780029296875,0.1853787750005722
